UGAv,AGAv,UGA,AGA
0.965715858005,0.99768543672,0.965715858005,0.99768543672
0.965715858005,0.99768543672,0.965715858005,0.99768543672
0.965715858005,0.99768543672,0.965715858005,0.99768543672
0.965715858005,0.99768543672,0.965715858005,0.99768543672
0.986091310888,0.998874560244,0.986091310888,0.998874560244
0.986092573618,0.998874560244,0.986092573618,0.998874560244
0.986092573618,0.998874560244,0.986092573618,0.998874560244
0.986092573618,0.998874560244,0.986092573618,0.998874560244
0.99200736767,0.999272022385,0.99200736767,0.999272022385
0.992010132301,0.999272022385,0.992010132301,0.999272022385
0.992010132301,0.999272022385,0.992010132301,0.999272022385
0.992010132301,0.999272022385,0.992010132301,0.999272022385
0.994881917932,0.999456868913,0.994881917932,0.999456868913
0.994888075517,0.9994560379,0.994888075517,0.9994560379
0.994888075517,0.9994560379,0.994888075517,0.9994560379
0.994888075517,0.9994560379,0.994888075517,0.9994560379
0.95146344636,0.982208394561,0.95146344636,0.982208394561
0.95513881576,0.982350373177,0.95513881576,0.982350373177
0.95513881576,0.985284231928,0.95513881576,0.985284231928
0.95513881576,0.985284231928,0.95513881576,0.985284231928
0.983992983185,0.992920655444,0.983992983185,0.992920655444
0.983992983185,0.992920655444,0.983992983185,0.992920655444
0.983992983185,0.992920655444,0.983992983185,0.992920655444
0.983992983185,0.992920655444,0.983992983185,0.992920655444
0.991619971935,0.99559379738,0.991619971935,0.99559379738
0.991619971935,0.99563074731,0.991619971935,0.99563074731
0.991619971935,0.99563074731,0.991619971935,0.99563074731
0.991619971935,0.99563074731,0.991619971935,0.99563074731
0.994765337078,0.996814366362,0.994765337078,0.996814366362
0.994837250432,0.996856177537,0.994837250432,0.996856177537
0.994837250432,0.996856177537,0.994837250432,0.996856177537
0.994837250432,0.996856177537,0.994837250432,0.996856177537
0.951779113459,0.972613132637,0.951779113459,0.972613132637
0.951779113459,0.972613132637,0.951779113459,0.972613132637
0.951779113459,0.972613132637,0.951779113459,0.972613132637
0.951779113459,0.972613132637,0.951779113459,0.972613132637
0.978406090239,0.985539276165,0.978406090239,0.985539276165
0.978406090239,0.985539276165,0.978406090239,0.985539276165
0.978406090239,0.985539276165,0.978406090239,0.985539276165
0.978406090239,0.985539276165,0.978406090239,0.985539276165
0.986036708514,0.989749933781,0.986036708514,0.989749933781
0.986049695515,0.989536403319,0.986049695515,0.989536403319
0.986049695515,0.989536403319,0.986049695515,0.989536403319
0.986049695515,0.989536403319,0.986049695515,0.989536403319
0.989601640349,0.991728186293,0.989601640349,0.991728186293
0.989575364323,0.991697681941,0.989575364323,0.991697681941
0.989575364323,0.99156056337,0.989575364323,0.99156056337
0.989575364323,0.99156056337,0.989575364323,0.99156056337
0.995285962893,0.998823468486,0.995285962893,0.998823468486
0.995285962893,0.998823468486,0.995285962893,0.998823468486
0.995285962893,0.998823468486,0.995285962893,0.998823468486
0.995285962893,0.998823468486,0.995285962893,0.998823468486
0.99804389822,0.999423140138,0.99804389822,0.999423140138
0.99804389822,0.999423140138,0.99804389822,0.999423140138
0.99804389822,0.999423140138,0.99804389822,0.999423140138
0.99804389822,0.999423140138,0.99804389822,0.999423140138
0.998785568951,0.999578310154,0.998785568951,0.999578310154
0.998785568951,0.999578310154,0.998785568951,0.999578310154
0.998785568951,0.999578310154,0.998785568951,0.999578310154
0.998785568951,0.999578310154,0.998785568951,0.999578310154
0.999118936814,0.99964233086,0.999118936814,0.99964233086
0.999118936814,0.99964233086,0.999118936814,0.99964233086
0.999118936814,0.99964233086,0.999118936814,0.99964233086
0.999118936814,0.99964233086,0.999118936814,0.99964233086
0.933979887759,0.989937680877,0.933979887759,0.989937680877
0.933979887759,0.989937680877,0.933979887759,0.989937680877
0.933979887759,0.989937680877,0.933979887759,0.989937680877
0.933979887759,0.989937680877,0.933979887759,0.989937680877
0.981549747133,0.993084697118,0.981549747133,0.993084697118
0.981772344619,0.99324095129,0.981772344619,0.99324095129
0.981772344619,0.993563676776,0.981772344619,0.993563676776
0.981772344619,0.993563676776,0.981772344619,0.993563676776
0.990125540078,0.994383364094,0.990125540078,0.994383364094
0.990125540078,0.994383364094,0.990125540078,0.994383364094
0.990125540078,0.994383364094,0.990125540078,0.994383364094
0.990125540078,0.994383364094,0.990125540078,0.994383364094
0.993943141464,0.994876783981,0.993943141464,0.994876783981
0.993950429692,0.994862684324,0.993950429692,0.994862684324
0.993950429692,0.994959134153,0.993950429692,0.994959134153
0.993950429692,0.994959134153,0.993950429692,0.994959134153
0.951074858404,0.990833119698,0.951074858404,0.990833119698
0.953225421324,0.990897659876,0.953225421324,0.990897659876
0.953221664753,0.990893429193,0.953221664753,0.990893429193
0.953221664753,0.990893429193,0.953221664753,0.990893429193
0.9849059523,0.996781996471,0.9849059523,0.996781996471
0.9849059523,0.996781996471,0.9849059523,0.996781996471
0.987031411571,0.997194027187,0.987031411571,0.997194027187
0.988013216559,0.997266727863,0.988013216559,0.997266727863
0.993503167634,0.998004328986,0.993503167634,0.998004328986
0.99370214809,0.998085650122,0.99370214809,0.998085650122
0.99396592695,0.998107732839,0.99396592695,0.998107732839
0.99396592695,0.998107732839,0.99396592695,0.998107732839
0.996533018582,0.998343958694,0.996533018582,0.998343958694
0.996533018582,0.998343958694,0.996533018582,0.998343958694
0.996533018582,0.998343958694,0.996533018582,0.998343958694
0.996489090296,0.998379144193,0.996489090296,0.998379144193
0.995471767215,0.99800187737,0.995471767215,0.99800187737
0.995471767215,0.99800187737,0.995471767215,0.99800187737
0.995471767215,0.99800187737,0.995471767215,0.99800187737
0.995471767215,0.99800187737,0.995471767215,0.99800187737
0.998111848066,0.998552330836,0.998111848066,0.998552330836
0.998111848066,0.998552330836,0.998111848066,0.998552330836
0.998111848066,0.998552330836,0.998111848066,0.998552330836
0.998111848066,0.998552330836,0.998111848066,0.998552330836
0.998529144596,0.998640659387,0.998529144596,0.998640659387
0.998529144596,0.998640659387,0.998529144596,0.998640659387
0.998529144596,0.998640659387,0.998529144596,0.998640659387
0.998529144596,0.998640659387,0.998529144596,0.998640659387
0.99862678417,0.998669746733,0.99862678417,0.998669746733
0.99862678417,0.998669746733,0.99862678417,0.998669746733
0.99862678417,0.998669746733,0.99862678417,0.998669746733
0.99862678417,0.998669746733,0.99862678417,0.998669746733
0.964731690156,0.977210516221,0.964731690156,0.977210516221
0.964731690156,0.977210516221,0.964731690156,0.977210516221
0.964731690156,0.977210516221,0.964731690156,0.977210516221
0.964731690156,0.977210516221,0.964731690156,0.977210516221
0.985683178309,0.989490407035,0.985683178309,0.989490407035
0.985683178309,0.989490407035,0.985683178309,0.989490407035
0.985683178309,0.989490407035,0.985683178309,0.989490407035
0.985683178309,0.989490407035,0.985683178309,0.989490407035
0.991243905531,0.993022913464,0.991243905531,0.993022913464
0.991321267929,0.993070512679,0.991321267929,0.993070512679
0.991321267929,0.993356882682,0.991321267929,0.993356882682
0.991321267929,0.993356882682,0.991321267929,0.993356882682
0.993613099223,0.994943794049,0.993613099223,0.994943794049
0.993613099223,0.994943794049,0.993613099223,0.994943794049
0.993613099223,0.994943794049,0.993613099223,0.994943794049
0.993639839674,0.994981085861,0.993639839674,0.994981085861
0.969023064591,0.996584128088,0.969023064591,0.996584128088
0.969023064591,0.996584128088,0.969023064591,0.996584128088
0.969023064591,0.996584128088,0.969023064591,0.996584128088
0.969023064591,0.996584128088,0.969023064591,0.996584128088
0.98883199249,0.998405122202,0.98883199249,0.998405122202
0.98883199249,0.998405122202,0.98883199249,0.998405122202
0.98883199249,0.998405122202,0.98883199249,0.998405122202
0.98883199249,0.998405122202,0.98883199249,0.998405122202
0.993557267176,0.998895991688,0.993557267176,0.998895991688
0.993660129058,0.99897382212,0.993660129058,0.99897382212
0.993660129058,0.998981694643,0.993660129058,0.998981694643
0.993660129058,0.998981694643,0.993660129058,0.998981694643
0.9956639115,0.99918630662,0.9956639115,0.99918630662
0.995747007764,0.999194291094,0.995747007764,0.999194291094
0.995750583751,0.999194699518,0.995750583751,0.999194699518
0.995850342003,0.999239226652,0.995850342003,0.999239226652
0.975835879255,0.984245897212,0.975835879255,0.984245897212
0.975835879255,0.984401383085,0.975835879255,0.984401383085
0.975835879255,0.984436497835,0.975835879255,0.984436497835
0.975835879255,0.984436497835,0.975835879255,0.984436497835
0.987620493624,0.989088462484,0.987620493624,0.989088462484
0.986848278877,0.988564169895,0.986848278877,0.988564169895
0.987465416574,0.989149616075,0.987465416574,0.989149616075
0.987994637935,0.989353888902,0.987994637935,0.989353888902
0.990377239579,0.990772612515,0.990377239579,0.990772612515
0.990381726249,0.990772612515,0.990381726249,0.990772612515
0.990434999094,0.990984628226,0.990434999094,0.990984628226
0.990434999094,0.990978141359,0.990434999094,0.990978141359
0.991435494149,0.991603276394,0.991435494149,0.991603276394
0.991526599064,0.991670254965,0.991526599064,0.991670254965
0.991528324354,0.991670254965,0.991528324354,0.991670254965
0.991528324354,0.991670254965,0.991528324354,0.991670254965
0.976770928945,0.985451584867,0.976770928945,0.985451584867
0.978216126967,0.986401621539,0.978216126967,0.986401621539
0.978216126967,0.986401621539,0.978216126967,0.986401621539
0.978216126967,0.986401621539,0.978216126967,0.986401621539
0.986253420192,0.991442167685,0.986253420192,0.991442167685
0.986253420192,0.991442167685,0.986253420192,0.991442167685
0.986253420192,0.991442167685,0.986253420192,0.991442167685
0.988014655273,0.992386555023,0.988014655273,0.992386555023
0.991580348115,0.994406083698,0.991580348115,0.994406083698
0.991580348115,0.994406083698,0.991580348115,0.994406083698
0.991580348115,0.994406083698,0.991580348115,0.994406083698
0.991580348115,0.994406083698,0.991580348115,0.994406083698
0.99398419692,0.995611706446,0.99398419692,0.995611706446
0.993894786772,0.995566651553,0.993894786772,0.995566651553
0.993894786772,0.995566651553,0.993894786772,0.995566651553
0.993894786772,0.995566651553,0.993894786772,0.995566651553
0.960226811218,0.959847977308,0.960226811218,0.959847977308
0.960226811218,0.959847977308,0.960226811218,0.959847977308
0.960226811218,0.959847977308,0.960226811218,0.959847977308
0.960226811218,0.959847977308,0.960226811218,0.959847977308
0.979877007222,0.979838129094,0.979877007222,0.979838129094
0.979877007222,0.979838129094,0.979877007222,0.979838129094
0.979877007222,0.979838129094,0.979877007222,0.979838129094
0.979877007222,0.979838129094,0.979877007222,0.979838129094
0.986550336491,0.986498894187,0.986550336491,0.986498894187
0.986550336491,0.986498894187,0.986550336491,0.986498894187
0.986550336491,0.986498894187,0.986550336491,0.986498894187
0.986550336491,0.986498894187,0.986550336491,0.986498894187
0.98986791405,0.989825558526,0.98986791405,0.989825558526
0.98986791405,0.989825558526,0.98986791405,0.989825558526
0.98986791405,0.989825558526,0.98986791405,0.989825558526
0.98986791405,0.989825558526,0.98986791405,0.989825558526
0.975407931132,0.983916709973,0.975407931132,0.983916709973
0.975407931132,0.983916709973,0.975407931132,0.983916709973
0.975407931132,0.983916709973,0.975407931132,0.983916709973
0.975407931132,0.983916709973,0.975407931132,0.983916709973
0.989820624156,0.992490568075,0.989820624156,0.992490568075
0.989820624156,0.992490568075,0.989820624156,0.992490568075
0.989820624156,0.992490568075,0.989820624156,0.992490568075
0.989820624156,0.992490568075,0.989820624156,0.992490568075
0.993327288106,0.994259328397,0.993327288106,0.994259328397
0.993327288106,0.994259328397,0.993327288106,0.994259328397
0.993327288106,0.994259328397,0.993327288106,0.994259328397
0.993327288106,0.994259328397,0.993327288106,0.994259328397
0.994647374982,0.995151147031,0.994647374982,0.995151147031
0.994647374982,0.995151147031,0.994647374982,0.995151147031
0.994647374982,0.995151147031,0.994647374982,0.995151147031
0.994647374982,0.995151147031,0.994647374982,0.995151147031
0.979743200202,0.994304552362,0.979743200202,0.994304552362
0.979743200202,0.994304552362,0.979743200202,0.994304552362
0.979743200202,0.994304552362,0.979743200202,0.994304552362
0.979743200202,0.994304552362,0.979743200202,0.994304552362
0.991851123681,0.996785789411,0.991851123681,0.996785789411
0.992474787118,0.997135509701,0.992474787118,0.997135509701
0.99267080803,0.997140514305,0.99267080803,0.997140514305
0.99267080803,0.997140514305,0.99267080803,0.997140514305
0.994548492561,0.997516011414,0.994548492561,0.997516011414
0.995164751261,0.9977099157,0.995164751261,0.9977099157
0.995173448173,0.997709980048,0.995173448173,0.997709980048
0.995591710743,0.99787560837,0.995591710743,0.99787560837
0.996190909636,0.998061692182,0.996190909636,0.998061692182
0.99643336717,0.998150721362,0.99643336717,0.998150721362
0.996619297532,0.998232003009,0.996619297532,0.998232003009
0.996710684555,0.998249533594,0.996710684555,0.998249533594
0.943514094911,0.966747917663,0.943514094911,0.966747917663
0.944775750961,0.970854004181,0.944775750961,0.970854004181
0.944775750961,0.972774258529,0.944775750961,0.972774258529
0.944775750961,0.972687346552,0.944775750961,0.972687346552
0.976445159753,0.984278696769,0.976445159753,0.984278696769
0.976445159753,0.984342004518,0.976445159753,0.984342004518
0.976445159753,0.984342004518,0.976445159753,0.984342004518
0.976445159753,0.984342004518,0.976445159753,0.984342004518
0.985153324185,0.988195949466,0.985153324185,0.988195949466
0.985242334315,0.988852025945,0.985242334315,0.988852025945
0.985242334315,0.988996516097,0.985242334315,0.988996516097
0.985242334315,0.988996516097,0.985242334315,0.988996516097
0.988848434874,0.99071998785,0.988848434874,0.99071998785
0.988848434874,0.990748676065,0.988848434874,0.990748676065
0.988863444742,0.990985484974,0.988863444742,0.990985484974
0.988863444742,0.991138206343,0.988863444742,0.991138206343
0.971484387205,0.995905325314,0.971484387205,0.995905325314
0.971484387205,0.995905325314,0.971484387205,0.995905325314
0.971484387205,0.995905325314,0.971484387205,0.995905325314
0.971484387205,0.995905325314,0.971484387205,0.995905325314
0.986005617988,0.997956482326,0.986005617988,0.997956482326
0.986005617988,0.997956482326,0.986005617988,0.997956482326
0.986005617988,0.997956482326,0.986005617988,0.997956482326
0.986005617988,0.997956482326,0.986005617988,0.997956482326
0.990822315245,0.998639855426,0.990822315245,0.998639855426
0.990822315245,0.998639855426,0.990822315245,0.998639855426
0.990822315245,0.998639855426,0.990822315245,0.998639855426
0.990822315245,0.998639855426,0.990822315245,0.998639855426
0.993253707615,0.998981251701,0.993253707615,0.998981251701
0.993253707615,0.998981251701,0.993253707615,0.998981251701
0.993253707615,0.998981251701,0.993253707615,0.998981251701
0.993253707615,0.998981251701,0.993253707615,0.998981251701
0.964339838235,0.973442724274,0.964339838235,0.973442724274
0.964339838235,0.973442724274,0.964339838235,0.973442724274
0.964339838235,0.973442724274,0.964339838235,0.973442724274
0.964339838235,0.973442724274,0.964339838235,0.973442724274
0.982676408535,0.986517605082,0.982676408535,0.986517605082
0.982906759218,0.986525661212,0.982906759218,0.986525661212
0.982906759218,0.986525661212,0.982906759218,0.986525661212
0.982906759218,0.986525661212,0.982906759218,0.986525661212
0.987102382532,0.98898787016,0.987102382532,0.98898787016
0.987102382532,0.98898787016,0.987102382532,0.98898787016
0.987890265677,0.989479919006,0.987890265677,0.989479919006
0.987914898237,0.989479919006,0.987914898237,0.989479919006
0.989985822206,0.990477053288,0.989985822206,0.990477053288
0.989985822206,0.990477053288,0.989985822206,0.990477053288
0.989985822206,0.990477053288,0.989985822206,0.990477053288
0.989985822206,0.990477053288,0.989985822206,0.990477053288
0.975141930962,0.995482131365,0.975141930962,0.995482131365
0.975141930962,0.995482131365,0.975141930962,0.995482131365
0.975141930962,0.995482131365,0.975141930962,0.995482131365
0.975141930962,0.995482131365,0.975141930962,0.995482131365
0.989945638124,0.99799138576,0.989945638124,0.99799138576
0.989945638124,0.99799138576,0.989945638124,0.99799138576
0.989945638124,0.99799138576,0.989945638124,0.99799138576
0.989945638124,0.99799138576,0.989945638124,0.99799138576
0.994392291787,0.998881338666,0.994392291787,0.998881338666
0.994392291787,0.998881338666,0.994392291787,0.998881338666
0.994444839031,0.998895786858,0.994444839031,0.998895786858
0.994444839031,0.998895786858,0.994444839031,0.998895786858
0.996460287954,0.999233511698,0.996460287954,0.999233511698
0.996464639031,0.999243816767,0.996464639031,0.999243816767
0.996464639031,0.999243816767,0.996464639031,0.999243816767
0.996464639031,0.999243816767,0.996464639031,0.999243816767
0.905412231182,0.904206343734,0.905412231182,0.904206343734
0.905412231182,0.904206343734,0.905412231182,0.904206343734
0.913709490865,0.908697558319,0.913709490865,0.908697558319
0.918970562005,0.918935724288,0.918970562005,0.918935724288
0.949667734609,0.948715313017,0.949667734609,0.948715313017
0.949667734609,0.948715313017,0.949667734609,0.948715313017
0.949667734609,0.948715313017,0.949667734609,0.948715313017
0.949667734609,0.948715313017,0.949667734609,0.948715313017
0.957973458778,0.958568022111,0.957973458778,0.958568022111
0.956786568725,0.955691735876,0.956786568725,0.955691735876
0.956786568725,0.955691735876,0.956786568725,0.955691735876
0.956786568725,0.955691735876,0.956786568725,0.955691735876
0.959255875161,0.959394101798,0.959255875161,0.959394101798
0.959255875161,0.959394101798,0.959255875161,0.959394101798
0.959255875161,0.959394101798,0.959255875161,0.959394101798
0.959031568353,0.958248497063,0.959031568353,0.958248497063
0.953732569714,0.99200582279,0.953732569714,0.99200582279
0.953732569714,0.99200582279,0.953732569714,0.99200582279
0.953732569714,0.99200582279,0.953732569714,0.99200582279
0.953732569714,0.99200582279,0.953732569714,0.99200582279
0.981781921871,0.996184160501,0.981781921871,0.996184160501
0.981781921871,0.996293927084,0.981781921871,0.996293927084
0.981781921871,0.99630623248,0.981781921871,0.99630623248
0.981781921871,0.99630623248,0.981781921871,0.99630623248
0.989633799032,0.997495436338,0.989633799032,0.997495436338
0.989633799032,0.997534157742,0.989633799032,0.997534157742
0.989635122057,0.997691637541,0.989635122057,0.997691637541
0.989635122057,0.997739091771,0.989635122057,0.997739091771
0.993080493884,0.998197182894,0.993080493884,0.998197182894
0.993149066069,0.998246387543,0.993149066069,0.998246387543
0.993149066069,0.998263264582,0.993149066069,0.998263264582
0.993149066069,0.998263264582,0.993149066069,0.998263264582
0.986005848857,0.993542960363,0.986005848857,0.993542960363
0.987808117413,0.994655618877,0.987808117413,0.994655618877
0.987900069674,0.994655618877,0.987900069674,0.994655618877
0.987900069674,0.994655618877,0.987900069674,0.994655618877
0.993591775879,0.996338537935,0.993591775879,0.996338537935
0.993591775879,0.996338537935,0.993591775879,0.996338537935
0.993591775879,0.996338537935,0.993591775879,0.996338537935
0.994453749735,0.996769644203,0.994453749735,0.996769644203
0.995989491279,0.997455515324,0.995989491279,0.997455515324
0.995989491279,0.997455515324,0.995989491279,0.997455515324
0.996024394789,0.997582006509,0.996024394789,0.997582006509
0.996024394789,0.997582006509,0.996024394789,0.997582006509
0.997303144907,0.998021895726,0.997303144907,0.998021895726
0.997303144907,0.998021895726,0.997303144907,0.998021895726
0.997303144907,0.998021895726,0.997303144907,0.998021895726
0.997303144907,0.998021895726,0.997303144907,0.998021895726
0.936097490636,0.993227919552,0.936097490636,0.993227919552
0.936082636936,0.993227919552,0.936082636936,0.993227919552
0.936082636936,0.993227919552,0.936082636936,0.993227919552
0.936082636936,0.993227919552,0.936082636936,0.993227919552
0.967239412891,0.996305968977,0.967239412891,0.996305968977
0.968974769685,0.996458508488,0.968974769685,0.996458508488
0.970578586112,0.996611699473,0.970578586112,0.996611699473
0.970593337189,0.996611699473,0.970593337189,0.996611699473
0.979757395983,0.997551989325,0.979757395983,0.997551989325
0.979757395983,0.997551989325,0.979757395983,0.997551989325
0.979925156365,0.997611245526,0.979925156365,0.997611245526
0.981017620738,0.997664927394,0.981017620738,0.997664927394
0.985614964336,0.998179875932,0.985614964336,0.998179875932
0.985886746539,0.998161236675,0.985886746539,0.998161236675
0.985886746539,0.998161236675,0.985886746539,0.998161236675
0.985886746539,0.998161236675,0.985886746539,0.998161236675
0.949992742561,0.953592915323,0.949992742561,0.953592915323
0.949992742561,0.953592915323,0.949992742561,0.953592915323
0.949992742561,0.953592915323,0.949992742561,0.953592915323
0.949992742561,0.953592915323,0.949992742561,0.953592915323
0.974906949446,0.97649138486,0.974906949446,0.97649138486
0.974906949446,0.97649138486,0.974906949446,0.97649138486
0.974906949446,0.97649138486,0.974906949446,0.97649138486
0.974906949446,0.97649138486,0.974906949446,0.97649138486
0.982924136188,0.983885467817,0.982924136188,0.983885467817
0.982924136188,0.983885467817,0.982924136188,0.983885467817
0.982924136188,0.983885467817,0.982924136188,0.983885467817
0.982924136188,0.983885467817,0.982924136188,0.983885467817
0.986444742774,0.987605595534,0.986444742774,0.987605595534
0.986444742774,0.987605595534,0.986444742774,0.987605595534
0.986444742774,0.987605595534,0.986444742774,0.987605595534
0.986444742774,0.987605595534,0.986444742774,0.987605595534
0.962241985698,0.995111431872,0.962241985698,0.995111431872
0.962241985698,0.995111431872,0.962241985698,0.995111431872
0.962241985698,0.995111431872,0.962241985698,0.995111431872
0.962241985698,0.995111431872,0.962241985698,0.995111431872
0.986240794808,0.997679902752,0.986240794808,0.997679902752
0.986240794808,0.997677395475,0.986240794808,0.997677395475
0.986240794808,0.997677395475,0.986240794808,0.997677395475
0.986240794808,0.997677395475,0.986240794808,0.997677395475
0.993609307786,0.99845954589,0.993609307786,0.99845954589
0.993609307786,0.998465713607,0.993609307786,0.998465713607
0.993609307786,0.998465713607,0.993609307786,0.998465713607
0.993609307786,0.998465713607,0.993609307786,0.998465713607
0.996080276499,0.998786810891,0.996080276499,0.998786810891
0.996448338925,0.99887363316,0.996448338925,0.99887363316
0.996448338925,0.99887363316,0.996448338925,0.99887363316
0.996448338925,0.99887363316,0.996448338925,0.99887363316
0.976042470998,0.980200266275,0.976042470998,0.980200266275
0.976042470998,0.980200266275,0.976042470998,0.980200266275
0.976042470998,0.980200266275,0.976042470998,0.980200266275
0.976042470998,0.980200266275,0.976042470998,0.980200266275
0.987972340229,0.989988410314,0.987972340229,0.989988410314
0.987972340229,0.989988410314,0.987972340229,0.989988410314
0.987972340229,0.989988410314,0.987972340229,0.989988410314
0.987972340229,0.989988410314,0.987972340229,0.989988410314
0.991891529917,0.993214814457,0.991891529917,0.993214814457
0.991891529917,0.993214814457,0.991891529917,0.993214814457
0.991891529917,0.993214814457,0.991891529917,0.993214814457
0.991891529917,0.993214814457,0.991891529917,0.993214814457
0.993891524519,0.994860821452,0.993891524519,0.994860821452
0.993891524519,0.994860821452,0.993891524519,0.994860821452
0.993891524519,0.994860821452,0.993891524519,0.994860821452
0.993891524519,0.994860821452,0.993891524519,0.994860821452
0.957540059548,0.965603790321,0.957540059548,0.965603790321
0.957540059548,0.965635763701,0.957540059548,0.965635763701
0.957540059548,0.965635763701,0.957540059548,0.965635763701
0.957540059548,0.965635763701,0.957540059548,0.965635763701
0.966519150123,0.966471703035,0.966519150123,0.966471703035
0.966519150123,0.966590247318,0.966519150123,0.966590247318
0.966519150123,0.966590247318,0.966519150123,0.966590247318
0.966519150123,0.966590247318,0.966519150123,0.966590247318
0.967032129234,0.967055163832,0.967032129234,0.967055163832
0.967028421572,0.967056346462,0.967028421572,0.967056346462
0.967028421572,0.967056346462,0.967028421572,0.967056346462
0.967028421572,0.967056346462,0.967028421572,0.967056346462
0.967096415128,0.967104924035,0.967096415128,0.967104924035
0.967096415128,0.967104924035,0.967096415128,0.967104924035
0.967096415128,0.967105328622,0.967096415128,0.967105328622
0.967096415128,0.967105328622,0.967096415128,0.967105328622
0.977515290204,0.9833233647,0.977515290204,0.9833233647
0.977515290204,0.9833233647,0.977515290204,0.9833233647
0.977515290204,0.9833233647,0.977515290204,0.9833233647
0.977515290204,0.9833233647,0.977515290204,0.9833233647
0.986938811423,0.989124605705,0.986938811423,0.989124605705
0.986938811423,0.989124605705,0.986938811423,0.989124605705
0.986938811423,0.989124605705,0.986938811423,0.989124605705
0.986938811423,0.989124605705,0.986938811423,0.989124605705
0.989271129844,0.990433234783,0.989271129844,0.990433234783
0.989271129844,0.990433234783,0.989271129844,0.990433234783
0.989271129844,0.990433234783,0.989271129844,0.990433234783
0.989271129844,0.990433234783,0.989271129844,0.990433234783
0.990478413825,0.990942369441,0.990478413825,0.990942369441
0.990478413825,0.990942369441,0.990478413825,0.990942369441
0.990478413825,0.990942369441,0.990478413825,0.990942369441
0.990478413825,0.990942369441,0.990478413825,0.990942369441
0.889239923791,0.987393685815,0.889239923791,0.987393685815
0.889239923791,0.987393685815,0.889239923791,0.987393685815
0.889239923791,0.987393685815,0.889239923791,0.987393685815
0.889239923791,0.987393685815,0.889239923791,0.987393685815
0.959884930516,0.993607975024,0.959884930516,0.993607975024
0.959884930516,0.99369951351,0.959884930516,0.99369951351
0.959884930516,0.99369951351,0.959884930516,0.99369951351
0.959884930516,0.99369951351,0.959884930516,0.99369951351
0.978247936231,0.994888291143,0.978247936231,0.994888291143
0.978694394713,0.995443513923,0.978694394713,0.995443513923
0.978537113092,0.995677395948,0.978537113092,0.995677395948
0.978537113092,0.99561312024,0.978537113092,0.99561312024
0.986236999169,0.996221958819,0.986236999169,0.996221958819
0.986236999169,0.996221958819,0.986236999169,0.996221958819
0.986125335524,0.996304258885,0.986125335524,0.996304258885
0.986125335524,0.99647590548,0.986125335524,0.99647590548
0.969105285226,0.992382317474,0.969105285226,0.992382317474
0.969105285226,0.992382317474,0.969105285226,0.992382317474
0.969105285226,0.992382317474,0.969105285226,0.992382317474
0.969105285226,0.992382317474,0.969105285226,0.992382317474
0.990202036991,0.995875507238,0.990202036991,0.995875507238
0.991445170212,0.996551981037,0.991445170212,0.996551981037
0.991445170212,0.996551981037,0.991445170212,0.996551981037
0.991445170212,0.996551981037,0.991445170212,0.996551981037
0.99181175916,0.996644476533,0.99181175916,0.996644476533
0.993009718344,0.996852148316,0.993009718344,0.996852148316
0.995327705244,0.997280107364,0.995327705244,0.997280107364
0.995689849647,0.997507312315,0.995689849647,0.997507312315
0.996003298609,0.997551312272,0.996003298609,0.997551312272
0.996003298609,0.997551312272,0.996003298609,0.997551312272
0.996226416564,0.997601952233,0.996226416564,0.997601952233
0.996226416564,0.997627421154,0.996226416564,0.997627421154
0.966565130406,0.994568006109,0.966565130406,0.994568006109
0.966565130406,0.994637556446,0.966565130406,0.994637556446
0.966565130406,0.994637556446,0.966565130406,0.994637556446
0.966565130406,0.994637556446,0.966565130406,0.994637556446
0.990462736479,0.996398606829,0.990462736479,0.996398606829
0.990462736479,0.996398606829,0.990462736479,0.996398606829
0.990462736479,0.996398606829,0.990462736479,0.996398606829
0.991023341903,0.996923501856,0.991023341903,0.996923501856
0.996132018863,0.997300515737,0.996132018863,0.997300515737
0.996132018863,0.997300515737,0.996132018863,0.997300515737
0.996132018863,0.997300515737,0.996132018863,0.997300515737
0.996132018863,0.997300515737,0.996132018863,0.997300515737
0.997023245094,0.997578784592,0.997023245094,0.997578784592
0.997023245094,0.997578784592,0.997023245094,0.997578784592
0.997023245094,0.997578784592,0.997023245094,0.997578784592
0.997023245094,0.997578784592,0.997023245094,0.997578784592
0.92363836298,0.99048634365,0.92363836298,0.99048634365
0.92363836298,0.99048634365,0.92363836298,0.99048634365
0.92363836298,0.99048634365,0.92363836298,0.99048634365
0.92363836298,0.99048634365,0.92363836298,0.99048634365
0.970638286648,0.995247324485,0.970638286648,0.995247324485
0.973222694486,0.995737254133,0.973222694486,0.995737254133
0.973790559944,0.99583693314,0.973790559944,0.99583693314
0.973790559944,0.99583693314,0.973790559944,0.99583693314
0.987013829579,0.996811569656,0.987013829579,0.996811569656
0.987013829579,0.996811569656,0.987013829579,0.996811569656
0.987029984112,0.997070586178,0.987029984112,0.997070586178
0.987676684606,0.997269427844,0.987676684606,0.997269427844
0.992846720316,0.997656494428,0.992846720316,0.997656494428
0.992846720316,0.997748922359,0.992846720316,0.997748922359
0.992846720316,0.997748922359,0.992846720316,0.997748922359
0.992846720316,0.997748922359,0.992846720316,0.997748922359
0.95638018319,0.970787522742,0.95638018319,0.970787522742
0.95638018319,0.970787522742,0.95638018319,0.970787522742
0.95638018319,0.970787522742,0.95638018319,0.970787522742
0.95638018319,0.970787522742,0.95638018319,0.970787522742
0.978477641725,0.985327834719,0.978477641725,0.985327834719
0.978477641725,0.985327834719,0.978477641725,0.985327834719
0.978477641725,0.985327834719,0.978477641725,0.985327834719
0.978477641725,0.985327834719,0.978477641725,0.985327834719
0.985768008376,0.99015325361,0.985768008376,0.99015325361
0.985768008376,0.99015325361,0.985768008376,0.99015325361
0.985768008376,0.99015325361,0.985768008376,0.99015325361
0.985768008376,0.99015325361,0.985768008376,0.99015325361
0.989351203267,0.992499443088,0.989351203267,0.992499443088
0.989351203267,0.992499443088,0.989351203267,0.992499443088
0.989351203267,0.992499443088,0.989351203267,0.992499443088
0.989351203267,0.992499443088,0.989351203267,0.992499443088
0.984399421588,0.986279016884,0.984399421588,0.986279016884
0.984399421588,0.986279016884,0.984399421588,0.986279016884
0.984399421588,0.986279016884,0.984399421588,0.986279016884
0.984399421588,0.986279016884,0.984399421588,0.986279016884
0.99340651166,0.994098783779,0.99340651166,0.994098783779
0.99340651166,0.994098783779,0.99340651166,0.994098783779
0.99340651166,0.994098783779,0.99340651166,0.994098783779
0.99340651166,0.994098783779,0.99340651166,0.994098783779
0.995819379798,0.996230771183,0.995819379798,0.996230771183
0.995819379798,0.996230771183,0.995819379798,0.996230771183
0.995819379798,0.996230771183,0.995819379798,0.996230771183
0.995819379798,0.996230771183,0.995819379798,0.996230771183
0.996938855085,0.997221007785,0.996938855085,0.997221007785
0.996938855085,0.997221007785,0.996938855085,0.997221007785
0.996938855085,0.997221007785,0.996938855085,0.997221007785
0.996938855085,0.997221007785,0.996938855085,0.997221007785
0.968193057199,0.985739367776,0.968193057199,0.985739367776
0.974775152705,0.987198169557,0.974775152705,0.987198169557
0.974775152705,0.987198169557,0.974775152705,0.987198169557
0.974775152705,0.987198169557,0.974775152705,0.987198169557
0.9849714944,0.989053715767,0.9849714944,0.989053715767
0.9849714944,0.989053715767,0.9849714944,0.989053715767
0.9849714944,0.989053715767,0.9849714944,0.989053715767
0.9849714944,0.989053715767,0.9849714944,0.989053715767
0.98790973813,0.989459425616,0.98790973813,0.989459425616
0.987984909722,0.989518932355,0.987984909722,0.989518932355
0.987984909722,0.989518932355,0.987984909722,0.989518932355
0.987984909722,0.989518932355,0.987984909722,0.989518932355
0.988540223846,0.989700063379,0.988540223846,0.989700063379
0.988589041046,0.989700063379,0.988589041046,0.989700063379
0.988589041046,0.989717698654,0.988589041046,0.989717698654
0.988589041046,0.989717698654,0.988589041046,0.989717698654
0.975487301317,0.978882860498,0.975487301317,0.978882860498
0.975487301317,0.978882860498,0.975487301317,0.978882860498
0.975487301317,0.978882860498,0.975487301317,0.978882860498
0.975487301317,0.978882860498,0.975487301317,0.978882860498
0.978932409332,0.979612641933,0.978932409332,0.979612641933
0.978932409332,0.979612641933,0.978932409332,0.979612641933
0.978932409332,0.979612641933,0.978932409332,0.979612641933
0.978932409332,0.979612641933,0.978932409332,0.979612641933
0.979420376475,0.97974014816,0.979420376475,0.97974014816
0.979420376475,0.97974014816,0.979420376475,0.97974014816
0.979420376475,0.97974014816,0.979420376475,0.97974014816
0.979420376475,0.97974014816,0.979420376475,0.97974014816
0.979613794834,0.979792885983,0.979613794834,0.979792885983
0.979613794834,0.979792885983,0.979613794834,0.979792885983
0.979613794834,0.979792885983,0.979613794834,0.979792885983
0.979613794834,0.979792885983,0.979613794834,0.979792885983
0.97400052427,0.990747419172,0.97400052427,0.990747419172
0.97400052427,0.990747419172,0.97400052427,0.990747419172
0.97400052427,0.990747419172,0.97400052427,0.990747419172
0.97400052427,0.990747419172,0.97400052427,0.990747419172
0.989318847821,0.994863968058,0.989318847821,0.994863968058
0.990210674232,0.995039032222,0.990210674232,0.995039032222
0.990210674232,0.995039032222,0.990210674232,0.995039032222
0.990952569678,0.995213038258,0.990952569678,0.995213038258
0.992929455077,0.995921456756,0.992929455077,0.995921456756
0.9940056096,0.996129121647,0.9940056096,0.996129121647
0.994327998057,0.996303361231,0.994327998057,0.996303361231
0.994341211993,0.996333360617,0.994341211993,0.996333360617
0.994824622099,0.996422799728,0.994824622099,0.996422799728
0.994867252386,0.996511060772,0.994867252386,0.996511060772
0.995349012999,0.996730175831,0.995349012999,0.996730175831
0.995538165986,0.996839863961,0.995538165986,0.996839863961
0.979018804442,0.991688169036,0.979018804442,0.991688169036
0.979018804442,0.991688169036,0.979018804442,0.991688169036
0.979018804442,0.991688169036,0.979018804442,0.991688169036
0.979018804442,0.991688169036,0.979018804442,0.991688169036
0.990189151237,0.9960150223,0.990189151237,0.9960150223
0.990248457171,0.996029552615,0.990248457171,0.996029552615
0.990248457171,0.996029552615,0.990248457171,0.996029552615
0.990248457171,0.996029552615,0.990248457171,0.996029552615
0.993879671785,0.997425053279,0.993879671785,0.997425053279
0.994019462361,0.997445593895,0.994019462361,0.997445593895
0.99403209174,0.997451403803,0.99403209174,0.997451403803
0.99403209174,0.997451403803,0.99403209174,0.997451403803
0.995424660152,0.998099151638,0.995424660152,0.998099151638
0.995800481222,0.998127143845,0.995800481222,0.998127143845
0.995883195851,0.998142140941,0.995883195851,0.998142140941
0.995887711428,0.998142981287,0.995887711428,0.998142981287
0.985523188772,0.993520647654,0.985523188772,0.993520647654
0.986196851282,0.994051422942,0.986196851282,0.994051422942
0.988777863596,0.994919574831,0.988777863596,0.994919574831
0.989177794994,0.995056002805,0.989177794994,0.995056002805
0.994565236985,0.996963016257,0.994565236985,0.996963016257
0.994565236985,0.996963016257,0.994565236985,0.996963016257
0.994565236985,0.996963016257,0.994565236985,0.996963016257
0.994565236985,0.996963016257,0.994565236985,0.996963016257
0.99672486,0.997820146929,0.99672486,0.997820146929
0.99672486,0.997820146929,0.99672486,0.997820146929
0.99672486,0.997820146929,0.99672486,0.997820146929
0.99672486,0.997820146929,0.99672486,0.997820146929
0.9973765062,0.998150189114,0.9973765062,0.998150189114
0.997426593142,0.998205971168,0.997426593142,0.998205971168
0.997426593142,0.998205971168,0.997426593142,0.998205971168
0.997426593142,0.998205971168,0.997426593142,0.998205971168
0.960596611202,0.98906229574,0.960596611202,0.98906229574
0.960596611202,0.98906229574,0.960596611202,0.98906229574
0.960596611202,0.98906229574,0.960596611202,0.98906229574
0.960596611202,0.98906229574,0.960596611202,0.98906229574
0.980317051536,0.993775037747,0.980317051536,0.993775037747
0.982935363784,0.994399219999,0.982935363784,0.994399219999
0.983521850347,0.994387641617,0.983521850347,0.994387641617
0.983521850347,0.994387641617,0.983521850347,0.994387641617
0.987903929293,0.995573018591,0.987903929293,0.995573018591
0.988858578447,0.995856411466,0.988858578447,0.995856411466
0.989281592378,0.995900216621,0.989281592378,0.995900216621
0.989827041427,0.996078172361,0.989827041427,0.996078172361
0.992026379593,0.996651244844,0.992026379593,0.996651244844
0.992056949814,0.996657182105,0.992056949814,0.996657182105
0.992056949814,0.996657182105,0.992056949814,0.996657182105
0.99262626131,0.996812220764,0.99262626131,0.996812220764
0.964933513966,0.969601897281,0.964933513966,0.969601897281
0.964933513966,0.969601897281,0.964933513966,0.969601897281
0.964933513966,0.969601897281,0.964933513966,0.969601897281
0.964933513966,0.969743077074,0.964933513966,0.969743077074
0.973715735807,0.974542652698,0.973715735807,0.974542652698
0.973715735807,0.974542652698,0.973715735807,0.974542652698
0.973715735807,0.974542652698,0.973715735807,0.974542652698
0.973715735807,0.974542652698,0.973715735807,0.974542652698
0.975436082724,0.975761990073,0.975436082724,0.975761990073
0.97547808856,0.975761990073,0.97547808856,0.975761990073
0.97547808856,0.975761990073,0.97547808856,0.975761990073
0.97547808856,0.975761990073,0.97547808856,0.975761990073
0.975903193229,0.975985873236,0.975903193229,0.975985873236
0.975931158182,0.9760296079,0.975931158182,0.9760296079
0.976029245781,0.976200528199,0.976029245781,0.976200528199
0.976029245781,0.976200528199,0.976029245781,0.976200528199
0.960586497972,0.971801377932,0.960586497972,0.971801377932
0.966969256627,0.975365070975,0.966969256627,0.975365070975
0.969909869954,0.977089133105,0.969909869954,0.977089133105
0.969909869954,0.977089133105,0.969909869954,0.977089133105
0.982312149351,0.984425101511,0.982312149351,0.984425101511
0.982312149351,0.984425101511,0.982312149351,0.984425101511
0.984056206885,0.985903902194,0.984056206885,0.985903902194
0.984056206885,0.986151956195,0.984056206885,0.986151956195
0.988552049166,0.989348741621,0.988552049166,0.989348741621
0.988552049166,0.989348741621,0.988552049166,0.989348741621
0.988552049166,0.989348741621,0.988552049166,0.989348741621
0.988552049166,0.989348741621,0.988552049166,0.989348741621
0.991109062204,0.991408554696,0.991109062204,0.991408554696
0.991109062204,0.991408554696,0.991109062204,0.991408554696
0.991109062204,0.991408554696,0.991109062204,0.991408554696
0.991109062204,0.991408554696,0.991109062204,0.991408554696
0.974199725176,0.984953844421,0.974199725176,0.984953844421
0.977956813588,0.986481898101,0.977956813588,0.986481898101
0.978481287589,0.986719941774,0.978481287589,0.986719941774
0.978481287589,0.986719941774,0.978481287589,0.986719941774
0.9871928272,0.992341830092,0.9871928272,0.992341830092
0.9871928272,0.992341830092,0.9871928272,0.992341830092
0.9871928272,0.992341830092,0.9871928272,0.992341830092
0.9871928272,0.992341830092,0.9871928272,0.992341830092
0.990133696529,0.99460397312,0.990133696529,0.99460397312
0.990203877405,0.994659834035,0.990203877405,0.994659834035
0.990203877405,0.994659834035,0.990203877405,0.994659834035
0.990203877405,0.994659834035,0.990203877405,0.994659834035
0.992037958786,0.995429664162,0.992037958786,0.995429664162
0.992628823635,0.995607372321,0.992628823635,0.995607372321
0.992658670889,0.995635539267,0.992658670889,0.995635539267
0.992658670889,0.995635539267,0.992658670889,0.995635539267
0.970982380683,0.986421255026,0.970982380683,0.986421255026
0.970982380683,0.986421255026,0.970982380683,0.986421255026
0.973231322439,0.987666162193,0.973231322439,0.987666162193
0.976361556085,0.988209642866,0.976361556085,0.988209642866
0.986023442434,0.992255400401,0.986023442434,0.992255400401
0.986023442434,0.992255400401,0.986023442434,0.992255400401
0.986023442434,0.992255400401,0.986023442434,0.992255400401
0.986023442434,0.992255400401,0.986023442434,0.992255400401
0.989977012883,0.993465139131,0.989977012883,0.993465139131
0.989977012883,0.993465139131,0.989977012883,0.993465139131
0.989977012883,0.993465139131,0.989977012883,0.993465139131
0.989977012883,0.993465139131,0.989977012883,0.993465139131
0.991610645729,0.993870477908,0.991610645729,0.993870477908
0.991699676672,0.993870477908,0.991699676672,0.993870477908
0.991699676672,0.993870477908,0.991699676672,0.993870477908
0.991699676672,0.993870477908,0.991699676672,0.993870477908
0.959116476112,0.99317598586,0.959116476112,0.99317598586
0.959116476112,0.993266552142,0.959116476112,0.993266552142
0.959116476112,0.993266552142,0.959116476112,0.993266552142
0.959116476112,0.993266552142,0.959116476112,0.993266552142
0.987265702103,0.996218882427,0.987265702103,0.996218882427
0.988727406235,0.996470010904,0.988727406235,0.996470010904
0.988727406235,0.996470010904,0.988727406235,0.996470010904
0.988727406235,0.996470010904,0.988727406235,0.996470010904
0.993469473123,0.996967004749,0.993469473123,0.996967004749
0.993469473123,0.996967004749,0.993469473123,0.996967004749
0.99346255059,0.99703772819,0.99346255059,0.99703772681
0.994292744417,0.997204922278,0.994292744417,0.997204922278
0.995812403212,0.997460243473,0.995812403212,0.997460242094
0.995812403212,0.997460243473,0.995812403212,0.997460242094
0.995812403212,0.997460243473,0.995812403212,0.997460242094
0.995812403212,0.997460243473,0.995812403212,0.997460242094
0.988557047906,0.994020152148,0.988557047906,0.994020152148
0.988620065735,0.994828713394,0.988620065735,0.994828713394
0.988620065735,0.994828713394,0.988620065735,0.994828713394
0.988620065735,0.994828713394,0.988620065735,0.994828713394
0.995946642431,0.996381646837,0.995946642431,0.996381646837
0.995946642431,0.996381646837,0.995946642431,0.996381646837
0.995946642431,0.996381646837,0.995946642431,0.996381646837
0.99604448072,0.996561014443,0.99604448072,0.996561014443
0.996829384368,0.99707106759,0.996829384368,0.99707106759
0.996829384368,0.99707106759,0.996829384368,0.99707106759
0.996829384368,0.99707106759,0.996829384368,0.99707106759
0.996829384368,0.99707106759,0.996829384368,0.99707106759
0.997129022227,0.997276352315,0.997129022227,0.997276352315
0.997129022227,0.997281016463,0.997129022227,0.997281016463
0.997129022227,0.997281016463,0.997129022227,0.997281016463
0.997129022227,0.997281016463,0.997129022227,0.997281016463
0.930747108486,0.979990599799,0.930747108486,0.979990599799
0.930747108486,0.980898826825,0.930747108486,0.980898826825
0.930747108486,0.980898826825,0.930747108486,0.980898826825
0.930747108486,0.980898826825,0.930747108486,0.980898826825
0.983107515197,0.987680082489,0.983107515197,0.987680082489
0.983107515197,0.987680082489,0.983107515197,0.987680082489
0.982931141587,0.987700775616,0.982931141587,0.987700775616
0.982931141587,0.987700775616,0.982931141587,0.987700775616
0.987938419952,0.988330298675,0.987938419952,0.988330298675
0.987829680942,0.988331030942,0.987829680942,0.988331030942
0.987829680942,0.988331030942,0.987829680942,0.988331030942
0.987693985025,0.988351492272,0.987693985025,0.988351492272
0.988470909736,0.988602167272,0.988470909736,0.988602167272
0.988470909736,0.988602167272,0.988470909736,0.988602167272
0.988461132128,0.988583112527,0.988461132128,0.988583112527
0.988461132128,0.988583112527,0.988461132128,0.988583112527
0.987093569481,0.985921032731,0.987093569481,0.985921032731
0.987093569481,0.985921032731,0.987093569481,0.985921032731
0.987093569481,0.985921032731,0.987093569481,0.985921032731
0.987093569481,0.985921032731,0.987093569481,0.985921032731
0.989318324602,0.987102731099,0.989318324602,0.987102731099
0.989265828385,0.98849229974,0.989265828385,0.98849229974
0.989265828385,0.98849229974,0.989265828385,0.98849229974
0.989326812072,0.98847810869,0.989326812072,0.98847810869
0.990169690625,0.989301015012,0.990169690625,0.989301015012
0.990169690625,0.989301015012,0.990169690625,0.989301015012
0.990169690625,0.989301015012,0.990169690625,0.989301015012
0.990170709121,0.98934753605,0.990170709121,0.98934753605
0.990462071852,0.989941571672,0.990462071852,0.989941571672
0.990462071852,0.989941571672,0.990462071852,0.989941571672
0.990462071852,0.989941571672,0.990462071852,0.989941571672
0.990462071852,0.989941571672,0.990462071852,0.989941571672
0.978274722615,0.992743912633,0.978274722615,0.992743912633
0.978274722615,0.992460490427,0.978274722615,0.992460490427
0.978274722615,0.992460490427,0.978274722615,0.992460490427
0.978274722615,0.992460490427,0.978274722615,0.992460490427
0.990874274723,0.9959662913,0.990874274723,0.9959662913
0.990874274723,0.995982230931,0.990874274723,0.995982230931
0.990874274723,0.995982230931,0.990874274723,0.995982230931
0.990874274723,0.995982230931,0.990874274723,0.995982230931
0.994640460892,0.997125062614,0.994640460892,0.997125062614
0.994640460892,0.997125062614,0.994640460892,0.997125062614
0.994700987121,0.997227846053,0.994700987121,0.997227846053
0.994700987121,0.997227846053,0.994700987121,0.997227846053
0.996186382381,0.997746099063,0.996186382381,0.997746099063
0.996186382381,0.997746099063,0.996186382381,0.997746099063
0.996186382381,0.997746099063,0.996186382381,0.997746099063
0.996186382381,0.997746099063,0.996186382381,0.997746099063
0.976003322358,0.985400284998,0.976003322358,0.985400284998
0.976003322358,0.985619170938,0.976003322358,0.985619170938
0.976003322358,0.985619170938,0.976003322358,0.985619170938
0.976003322358,0.985619170938,0.976003322358,0.985619170938
0.986770871731,0.990101258848,0.986770871731,0.990101258848
0.986770871731,0.990101258848,0.986770871731,0.990101258848
0.986770871731,0.990101258848,0.986770871731,0.990101258848
0.987073400107,0.989888309314,0.987073400107,0.989888309314
0.990237720075,0.991354601564,0.990237720075,0.991354601564
0.990665141298,0.991306197024,0.990665141298,0.991306197024
0.990665141298,0.991354601564,0.990665141298,0.991354601564
0.990665141298,0.991354601564,0.990665141298,0.991354601564
0.991214055887,0.991686114315,0.991214055887,0.991686114315
0.991214055887,0.991686114315,0.991214055887,0.991686114315
0.991312970616,0.991636314466,0.991312970616,0.991636314466
0.991312970616,0.991755575338,0.991312970616,0.991755575338
0.987203632286,0.995404969428,0.987203632286,0.995404969428
0.987203632286,0.995487084164,0.987203632286,0.995487084164
0.987203632286,0.995487084164,0.987203632286,0.995487084164
0.987203632286,0.995487084164,0.987203632286,0.995487084164
0.994409401609,0.99681725785,0.994409401609,0.99681725785
0.994409401609,0.99681725785,0.994409401609,0.99681725785
0.994409401609,0.99681725785,0.994409401609,0.99681725785
0.996022873145,0.997188359002,0.996022873145,0.997188359002
0.997033552778,0.997533268529,0.997033552778,0.997533268529
0.997033552778,0.997533268529,0.997033552778,0.997533268529
0.997033552778,0.997533268529,0.997033552778,0.997533268529
0.997033552778,0.997533268529,0.997033552778,0.997533268529
0.997469562532,0.997717971667,0.997469562532,0.997717971667
0.997469562532,0.997717971667,0.997469562532,0.997717971667
0.997469562532,0.997717971667,0.997469562532,0.997717971667
0.997469562532,0.997717971667,0.997469562532,0.997717971667
0.973777929402,0.990393664288,0.973777929402,0.990393664288
0.973777929402,0.990393664288,0.973777929402,0.990393664288
0.973777929402,0.990393664288,0.973777929402,0.990393664288
0.973777929402,0.990393664288,0.973777929402,0.990393664288
0.99086043514,0.991337655951,0.99086043514,0.991337655951
0.99086043514,0.991337655951,0.99086043514,0.991337655951
0.990934615184,0.991477821781,0.990934615184,0.991477821781
0.990934615184,0.991477821781,0.990934615184,0.991477821781
0.991503823735,0.991576982235,0.991503823735,0.991576982235
0.991503823735,0.991576982235,0.991503823735,0.991576982235
0.991503823735,0.991576982235,0.991503823735,0.991576982235
0.991503823735,0.991576982235,0.991503823735,0.991576982235
0.991595813638,0.991621395911,0.991595813638,0.991621395911
0.991595813638,0.991621395911,0.991595813638,0.991621395911
0.991595813638,0.991621395911,0.991595813638,0.991621395911
0.991595813638,0.991621395911,0.991595813638,0.991621395911
0.997280577334,0.997874458771,0.997280577334,0.997874458771
0.997280577334,0.997874458771,0.997280577334,0.997874458771
0.997280577334,0.997874458771,0.997280577334,0.997874458771
0.997280577334,0.997874458771,0.997280577334,0.997874458771
0.998665930572,0.998804585478,0.998665930572,0.998804585478
0.998665930572,0.998804585478,0.998665930572,0.998804585478
0.998665930572,0.998804585478,0.998665930572,0.998804585478
0.998665930572,0.998804585478,0.998665930572,0.998804585478
0.998925333421,0.999011804917,0.998925333421,0.999011804917
0.998925333421,0.999011804917,0.998925333421,0.999011804917
0.998925333421,0.999011804917,0.998925333421,0.999011804917
0.998925333421,0.999011804917,0.998925333421,0.999011804917
0.999007694356,0.999067030469,0.999007694356,0.999067030469
0.999007694356,0.999067030469,0.999007694356,0.999067030469
0.999007694356,0.999067030469,0.999007694356,0.999067030469
0.999007694356,0.999067030469,0.999007694356,0.999067030469
0.908137137016,0.920496059682,0.908137137016,0.920496059682
0.908137137016,0.920496059682,0.908137137016,0.920496059682
0.908137137016,0.920496059682,0.908137137016,0.920496059682
0.908137137016,0.920496059682,0.908137137016,0.920496059682
0.920520600233,0.924458618274,0.920520600233,0.924458618274
0.920895754796,0.924903063128,0.920895754796,0.924903063128
0.920895754796,0.924790648152,0.920895754796,0.924790648152
0.921332503376,0.925169216915,0.921332503376,0.925169216915
0.924237468265,0.926407963658,0.924237468265,0.926407963658
0.924283496816,0.926410866703,0.924283496816,0.926410866703
0.924283496816,0.926410866703,0.924283496816,0.926410866703
0.924283496816,0.926410866703,0.924283496816,0.926410866703
0.925650342908,0.927169535844,0.925650342908,0.927169535844
0.926034670733,0.927242549822,0.926034670733,0.927242549822
0.926054951389,0.927243807479,0.926054951389,0.927243807479
0.926054951389,0.927243807479,0.926054951389,0.927243807479
0.952748409299,0.969142093223,0.952748409299,0.969142093223
0.955774377664,0.9697023344,0.955774377664,0.9697023344
0.955774377664,0.969768855173,0.955774377664,0.969768855173
0.955774377664,0.969768855173,0.955774377664,0.969768855173
0.97749865017,0.982033886292,0.97749865017,0.982033886292
0.97749865017,0.982033886292,0.97749865017,0.982033886292
0.97749865017,0.982033886292,0.97749865017,0.982033886292
0.979010108954,0.983346782154,0.979010108954,0.983346782154
0.986032040519,0.98806896904,0.986032040519,0.98806896904
0.986131620844,0.988222180279,0.986131620844,0.988222180279
0.986131620844,0.988220717044,0.986131620844,0.988220717044
0.986131620844,0.988220717044,0.986131620844,0.988220717044
0.989358342201,0.990319994683,0.989358342201,0.990319994683
0.989650492878,0.99057405821,0.989650492878,0.99057405821
0.989757778617,0.9908337528,0.989757778617,0.9908337528
0.989757778617,0.990832549696,0.989757778617,0.990832549696
